player_id,signing_date,week_date,interest_value,window
russell_wilson_2015,2015-07-31,2015-06-07,11,pre
russell_wilson_2015,2015-07-31,2015-06-14,9,pre
russell_wilson_2015,2015-07-31,2015-06-21,9,pre
russell_wilson_2015,2015-07-31,2015-06-28,12,pre
russell_wilson_2015,2015-07-31,2015-07-05,15,pre
russell_wilson_2015,2015-07-31,2015-07-12,35,pre
russell_wilson_2015,2015-07-31,2015-07-19,26,pre
russell_wilson_2015,2015-07-31,2015-07-26,15,pre
russell_wilson_2015,2015-07-31,2015-08-02,37,post
russell_wilson_2015,2015-07-31,2015-08-09,29,post
russell_wilson_2015,2015-07-31,2015-08-16,17,post
russell_wilson_2015,2015-07-31,2015-08-23,15,post
russell_wilson_2015,2015-07-31,2015-08-30,18,post
russell_wilson_2015,2015-07-31,2015-09-06,12,post
russell_wilson_2015,2015-07-31,2015-09-13,19,post
russell_wilson_2015,2015-07-31,2015-09-20,15,post
russell_wilson_2019,2019-04-15,2019-02-24,7,pre
russell_wilson_2019,2019-04-15,2019-03-03,4,pre
russell_wilson_2019,2019-04-15,2019-03-10,2,pre
russell_wilson_2019,2019-04-15,2019-03-17,4,pre
russell_wilson_2019,2019-04-15,2019-03-24,3,pre
russell_wilson_2019,2019-04-15,2019-03-31,2,pre
russell_wilson_2019,2019-04-15,2019-04-07,5,pre
russell_wilson_2019,2019-04-15,2019-04-14,5,pre
russell_wilson_2019,2019-04-15,2019-04-21,32,post
russell_wilson_2019,2019-04-15,2019-04-28,11,post
russell_wilson_2019,2019-04-15,2019-05-05,4,post
russell_wilson_2019,2019-04-15,2019-05-12,3,post
russell_wilson_2019,2019-04-15,2019-05-19,6,post
russell_wilson_2019,2019-04-15,2019-05-26,3,post
russell_wilson_2019,2019-04-15,2019-06-02,2,post
russell_wilson_2019,2019-04-15,2019-06-09,2,post
russell_wilson_2022,2022-03-08,2022-01-16,2,pre
russell_wilson_2022,2022-03-08,2022-01-23,2,pre
russell_wilson_2022,2022-03-08,2022-01-30,2,pre
russell_wilson_2022,2022-03-08,2022-02-06,2,pre
russell_wilson_2022,2022-03-08,2022-02-13,2,pre
russell_wilson_2022,2022-03-08,2022-02-20,3,pre
russell_wilson_2022,2022-03-08,2022-02-27,2,pre
russell_wilson_2022,2022-03-08,2022-03-06,2,pre
russell_wilson_2022,2022-03-08,2022-03-13,28,post
russell_wilson_2022,2022-03-08,2022-03-20,5,post
russell_wilson_2022,2022-03-08,2022-03-27,2,post
russell_wilson_2022,2022-03-08,2022-04-03,2,post
russell_wilson_2022,2022-03-08,2022-04-10,2,post
russell_wilson_2022,2022-03-08,2022-04-17,2,post
russell_wilson_2022,2022-03-08,2022-04-24,2,post
russell_wilson_2022,2022-03-08,2022-05-01,4,post
geno_smith_2023,2023-03-09,2023-01-15,34,pre
geno_smith_2023,2023-03-09,2023-01-22,5,pre
geno_smith_2023,2023-03-09,2023-01-29,3,pre
geno_smith_2023,2023-03-09,2023-02-05,6,pre
geno_smith_2023,2023-03-09,2023-02-12,5,pre
geno_smith_2023,2023-03-09,2023-02-19,2,pre
geno_smith_2023,2023-03-09,2023-02-26,2,pre
geno_smith_2023,2023-03-09,2023-03-05,3,pre
geno_smith_2023,2023-03-09,2023-03-12,16,post
geno_smith_2023,2023-03-09,2023-03-19,2,post
geno_smith_2023,2023-03-09,2023-03-26,1,post
geno_smith_2023,2023-03-09,2023-04-02,1,post
geno_smith_2023,2023-03-09,2023-04-09,1,post
geno_smith_2023,2023-03-09,2023-04-16,1,post
geno_smith_2023,2023-03-09,2023-04-23,1,post
geno_smith_2023,2023-03-09,2023-04-30,3,post
dk_metcalf_2022,2022-09-01,2022-07-10,11,pre
dk_metcalf_2022,2022-09-01,2022-07-17,8,pre
dk_metcalf_2022,2022-09-01,2022-07-24,9,pre
dk_metcalf_2022,2022-09-01,2022-07-31,24,pre
dk_metcalf_2022,2022-09-01,2022-08-07,12,pre
dk_metcalf_2022,2022-09-01,2022-08-14,8,pre
dk_metcalf_2022,2022-09-01,2022-08-21,13,pre
dk_metcalf_2022,2022-09-01,2022-08-28,12,pre
dk_metcalf_2022,2022-09-01,2022-09-04,13,post
dk_metcalf_2022,2022-09-01,2022-09-11,18,post
dk_metcalf_2022,2022-09-01,2022-09-18,28,post
dk_metcalf_2022,2022-09-01,2022-09-25,15,post
dk_metcalf_2022,2022-09-01,2022-10-02,17,post
dk_metcalf_2022,2022-09-01,2022-10-09,23,post
dk_metcalf_2022,2022-09-01,2022-10-16,13,post
dk_metcalf_2022,2022-09-01,2022-10-23,20,post
davante_adams_2022,2022-03-17,2022-01-23,3,pre
davante_adams_2022,2022-03-17,2022-01-30,3,pre
davante_adams_2022,2022-03-17,2022-02-06,1,pre
davante_adams_2022,2022-03-17,2022-02-13,1,pre
davante_adams_2022,2022-03-17,2022-02-20,1,pre
davante_adams_2022,2022-03-17,2022-02-27,1,pre
davante_adams_2022,2022-03-17,2022-03-06,1,pre
davante_adams_2022,2022-03-17,2022-03-13,3,pre
davante_adams_2022,2022-03-17,2022-03-20,26,post
davante_adams_2022,2022-03-17,2022-03-27,6,post
davante_adams_2022,2022-03-17,2022-04-03,2,post
davante_adams_2022,2022-03-17,2022-04-10,1,post
davante_adams_2022,2022-03-17,2022-04-17,1,post
davante_adams_2022,2022-03-17,2022-04-24,1,post
davante_adams_2022,2022-03-17,2022-05-01,2,post
davante_adams_2022,2022-03-17,2022-05-08,1,post
tyreek_hill_2022,2022-03-17,2022-01-23,3,pre
tyreek_hill_2022,2022-03-17,2022-01-30,9,pre
tyreek_hill_2022,2022-03-17,2022-02-06,2,pre
tyreek_hill_2022,2022-03-17,2022-02-13,1,pre
tyreek_hill_2022,2022-03-17,2022-02-20,1,pre
tyreek_hill_2022,2022-03-17,2022-02-27,1,pre
tyreek_hill_2022,2022-03-17,2022-03-06,1,pre
tyreek_hill_2022,2022-03-17,2022-03-13,1,pre
tyreek_hill_2022,2022-03-17,2022-03-20,1,post
tyreek_hill_2022,2022-03-17,2022-03-27,23,post
tyreek_hill_2022,2022-03-17,2022-04-03,2,post
tyreek_hill_2022,2022-03-17,2022-04-10,2,post
tyreek_hill_2022,2022-03-17,2022-04-17,1,post
tyreek_hill_2022,2022-03-17,2022-04-24,1,post
tyreek_hill_2022,2022-03-17,2022-05-01,2,post
tyreek_hill_2022,2022-03-17,2022-05-08,1,post
odell_beckham_2021,2021-11-11,2021-09-19,4,pre
odell_beckham_2021,2021-11-11,2021-09-26,4,pre
odell_beckham_2021,2021-11-11,2021-10-03,2,pre
odell_beckham_2021,2021-11-11,2021-10-10,2,pre
odell_beckham_2021,2021-11-11,2021-10-17,4,pre
odell_beckham_2021,2021-11-11,2021-10-24,5,pre
odell_beckham_2021,2021-11-11,2021-10-31,2,pre
odell_beckham_2021,2021-11-11,2021-11-07,44,pre
odell_beckham_2021,2021-11-11,2021-11-14,54,post
odell_beckham_2021,2021-11-11,2021-11-21,8,post
odell_beckham_2021,2021-11-11,2021-11-28,5,post
odell_beckham_2021,2021-11-11,2021-12-05,4,post
odell_beckham_2021,2021-11-11,2021-12-12,2,post
odell_beckham_2021,2021-11-11,2021-12-19,5,post
odell_beckham_2021,2021-11-11,2021-12-26,3,post
odell_beckham_2021,2021-11-11,2022-01-02,3,post
patrick_mahomes_2020,2020-07-06,2020-05-17,2,pre
patrick_mahomes_2020,2020-07-06,2020-05-24,3,pre
patrick_mahomes_2020,2020-07-06,2020-05-31,2,pre
patrick_mahomes_2020,2020-07-06,2020-06-07,2,pre
patrick_mahomes_2020,2020-07-06,2020-06-14,3,pre
patrick_mahomes_2020,2020-07-06,2020-06-21,2,pre
patrick_mahomes_2020,2020-07-06,2020-06-28,2,pre
patrick_mahomes_2020,2020-07-06,2020-07-05,2,pre
patrick_mahomes_2020,2020-07-06,2020-07-12,41,post
patrick_mahomes_2020,2020-07-06,2020-07-19,6,post
patrick_mahomes_2020,2020-07-06,2020-07-26,4,post
patrick_mahomes_2020,2020-07-06,2020-08-02,10,post
patrick_mahomes_2020,2020-07-06,2020-08-09,3,post
patrick_mahomes_2020,2020-07-06,2020-08-16,3,post
patrick_mahomes_2020,2020-07-06,2020-08-23,3,post
patrick_mahomes_2020,2020-07-06,2020-08-30,3,post
deshaun_watson_2022,2022-03-18,2022-01-23,1,pre
deshaun_watson_2022,2022-03-18,2022-01-30,1,pre
deshaun_watson_2022,2022-03-18,2022-02-06,1,pre
deshaun_watson_2022,2022-03-18,2022-02-13,1,pre
deshaun_watson_2022,2022-03-18,2022-02-20,2,pre
deshaun_watson_2022,2022-03-18,2022-02-27,2,pre
deshaun_watson_2022,2022-03-18,2022-03-06,1,pre
deshaun_watson_2022,2022-03-18,2022-03-13,14,pre
deshaun_watson_2022,2022-03-18,2022-03-20,43,post
deshaun_watson_2022,2022-03-18,2022-03-27,9,post
deshaun_watson_2022,2022-03-18,2022-04-03,3,post
deshaun_watson_2022,2022-03-18,2022-04-10,1,post
deshaun_watson_2022,2022-03-18,2022-04-17,1,post
deshaun_watson_2022,2022-03-18,2022-04-24,1,post
deshaun_watson_2022,2022-03-18,2022-05-01,1,post
deshaun_watson_2022,2022-03-18,2022-05-08,1,post
justin_jefferson_2024,2024-09-12,2024-07-21,16,pre
justin_jefferson_2024,2024-09-12,2024-07-28,10,pre
justin_jefferson_2024,2024-09-12,2024-08-04,8,pre
justin_jefferson_2024,2024-09-12,2024-08-11,8,pre
justin_jefferson_2024,2024-09-12,2024-08-18,11,pre
justin_jefferson_2024,2024-09-12,2024-08-25,10,pre
justin_jefferson_2024,2024-09-12,2024-09-01,15,pre
justin_jefferson_2024,2024-09-12,2024-09-08,18,pre
justin_jefferson_2024,2024-09-12,2024-09-15,23,post
justin_jefferson_2024,2024-09-12,2024-09-22,24,post
justin_jefferson_2024,2024-09-12,2024-09-29,14,post
justin_jefferson_2024,2024-09-12,2024-10-06,16,post
justin_jefferson_2024,2024-09-12,2024-10-13,9,post
justin_jefferson_2024,2024-09-12,2024-10-20,13,post
justin_jefferson_2024,2024-09-12,2024-10-27,23,post
justin_jefferson_2024,2024-09-12,2024-11-03,10,post
ceedee_lamb_2024,2024-08-01,2024-06-09,6,pre
ceedee_lamb_2024,2024-08-01,2024-06-16,4,pre
ceedee_lamb_2024,2024-08-01,2024-06-23,8,pre
ceedee_lamb_2024,2024-08-01,2024-06-30,5,pre
ceedee_lamb_2024,2024-08-01,2024-07-07,7,pre
ceedee_lamb_2024,2024-08-01,2024-07-14,4,pre
ceedee_lamb_2024,2024-08-01,2024-07-21,4,pre
ceedee_lamb_2024,2024-08-01,2024-07-28,9,pre
ceedee_lamb_2024,2024-08-01,2024-08-04,9,post
ceedee_lamb_2024,2024-08-01,2024-08-11,20,post
ceedee_lamb_2024,2024-08-01,2024-08-18,25,post
ceedee_lamb_2024,2024-08-01,2024-08-25,32,post
ceedee_lamb_2024,2024-08-01,2024-09-01,40,post
ceedee_lamb_2024,2024-08-01,2024-09-08,35,post
ceedee_lamb_2024,2024-08-01,2024-09-15,9,post
ceedee_lamb_2024,2024-08-01,2024-09-22,9,post
